# Redirections des anciennes URLs .html vers les nouvelles URLs clean
/index.html / 301
/fonctionnalites.html /fonctionnalites 301
/tarifs.html /tarifs 301
/a-propos.html /a-propos 301
/contact.html /contact 301
/confidentialite.html /confidentialite 301
/cgv.html /cgv 301
/application.html /application 301
/materiel.html /materiel 301
/blog/alternative-dragon-medical.html /blog/alternative-dragon-medical 301
/blog/gain-temps-medecin.html /blog/gain-temps-medecin 301
/blog/mode-hors-ligne-medical.html /blog/mode-hors-ligne-medical 301
/blog/souverainete-donnees-sante.html /blog/souverainete-donnees-sante 301
/blog/transcription-medicale-ia.html /blog/transcription-medicale-ia 301
/landing/alternative-dragon.html /landing/alternative-dragon 301
/landing/guide-productivite.html /landing/guide-productivite 301
/landing/webinaire-productivite.html /landing/webinaire-productivite 301
/landing/transcription-cardiologue.html /landing/transcription-cardiologue 301
/landing/transcription-generaliste.html /landing/transcription-generaliste 301
/landing/transcription-psychologue.html /landing/transcription-psychologue 301

# Redirections URLs invalides/anciennes
/contactus /contact 301
/web/login /application 301
